 {
  "A Coruña":[-8.396, 43.37135],"Lugo":[-7.55602, 43.00992], "Ourense":[-7.8666632, 42.333332],"Pontevedra":[-8.64435, 42.431],
  "Asturias":[-6.0, 43.3333],"Cantabria":[-4.0, 43.1667], "Álava":[-2.760330292, 42.844496622],"Guipúzcoa":[-2.1667, 43.1667],
  "Vizcaya":[-3.0169, 43.3231],"Navarra":[-1.638997, 42.816830066], "La Rioja":[-2.4246, 42.4631], "Huesca":[-0.1667, 42.1667],
  "Teruel":[-0.6667, 40.6667], "Zaragoza":[-1.0, 41.583331],"Madrid":[-3.7103, 40.4023],"Ávila":[-5.0, 40.583331],
  "Burgos":[-3.666664, 42.3833318], "León":[-6.0, 42.6667], "Palencia":[-4.499998, 42.416665], "Salamanca":[-6.0, 40.83333],
  "Segovia":[-4.0, 41.1667],"Soria":[-2.40, 41.40],"Valladolid":[-4.6667, 41.5833],"Zamora":[-6.0, 41.75],"Albacete":[-2.0, 38.8333],
  "Ciudad Real":[-4.0, 39.0], "Cuenca":[-2.0, 40.0],"Guadalajara":[-2.5, 40.8333],"Toledo":[-4.0, 39.8333],
  "Badajoz":[-6.1667, 38.6667], "Cáceres":[-6.3748, 39.5221], "Barcelona":[2.0, 41.6667], "Girona":[2.8111, 41.9892],
  "Lleida":[0.5747, 41.6188], "Tarragona":[1.249, 41.129],"Alicante":[-0.5, 38.5],"Castelló":[-0.1667, 40.1667],
  "València":[-0.8333, 39.3333], "Almería":[-2.3333, 37.1667], "Cádiz":[-5.75, 36.5],"Córdoba":[-4.8333, 38.0],
  "Granada":[-3.25, 37.25],"Huelva":[-7.0, 37.6667], "Jaén":[-3.5, 38.0],"Málaga":[-4.75, 36.8],"Sevilla":[-5.6961, 37.447],
  "Murcia":[-1.1415, 37.9866],

  "Paris": [2.35, 48.8566],"Seine-et-Marne": [2.917, 48.533],"Yvelines": [1.8, 48.8],"Essonne": [2.25, 48.5],"Hauts-de-Seine": [2.25, 48.9],
  "Seine-Saint-Denis": [2.45, 48.933],"Val-de-Marne": [2.466, 48.75],"Val-d'Oise": [2.216, 49.066],"Cher": [2.35, 47.083],"Eure-et-Loir": [1.483, 48.45],
  "Indre": [1.55, 46.85], "Indre-et-Loire": [0.716, 47.35],"Loir-et-Cher": [1.333, 47.55],"Loiret": [2.4, 47.9],"Côte-d"Or": [4.833, 47.333],
  "Nièvre": [3.5, 47.0],"Saône-et-Loire": [4.416, 46.583],"Yonne": [3.6, 47.8],"Doubs": [6.333, 47.166],"Jura": [5.75, 46.666],"Haute-Saône": [6.166, 47.65],
  "Territoire de Belfort": [6.833, 47.633], "Calvados": [-0.5, 49.1],"Manche": [-1.3, 49.0],"Orne": [0.05, 48.7], "Eure": [1.15, 49.016],"Seine-Maritime": [0.95, 49.6],
  "Nord": [3.225, 50.611],"Pas-de-Calais": [2.25, 50.433],"Aisne": [3.5, 49.517],"Oise": [2.435, 49.415],"Somme": [2.333, 49.916],"Bas-Rhin": [7.6, 48.6],
  "Haut-Rhin": [7.35, 47.8],"Ardennes": [4.633, 49.7],"Aube": [4.05, 48.35],"Marne": [4.25, 49.05],"Haute-Marne": [5.3, 48.15],"Meurthe-et-Moselle": [6.2, 48.733],
  "Meuse": [5.433, 48.866],"Moselle": [6.516, 49.1],"Vosges": [6.45, 48.2],"Loire-Atlantique": [-1.65, 47.3],"Maine-et-Loire": [-0.55, 47.466],
  "Mayenne": [-0.633, 48.066],"Sarthe": [0.2, 48.0],"Vendée": [-1.3, 46.75],"Côtes-d'Armor": [-2.833, 48.5],"Finistère": [-4.1, 48.0],
  "Ille-et-Vilaine": [-1.683, 48.116],"Morbihan": [-2.75, 47.75],"Dordogne": [0.6, 45.0],"Gironde": [-0.583, 44.75],"Landes": [-0.85, 44.0],
  "Lot-et-Garonne": [0.416, 44.5],"Pyrénées-Atlantiques": [-0.5, 43.166],"Corrèze": [1.65, 45.25],"Creuse": [1.85, 46.166],"Haute-Vienne": [1.25, 45.833],
  "Charente": [0.25, 45.75],"Charente-Maritime": [-0.75, 46.166],"Deux-Sèvres": [-0.25, 46.5],"Vienne": [0.35, 46.5],"Aude": [2.366, 43.166],"Gard": [4.4, 43.916],
  "Hérault": [3.35, 43.6],"Lozère": [3.55, 44.516],"Pyrénées-Orientales": [2.75, 42.6],"Ariège": [1.5, 42.966],"Aveyron": [2.7, 44.35],"Haute-Garonne": [1.35, 43.55],
  "Gers": [0.6, 43.666],"Lot": [1.45, 44.566],"Hautes-Pyrénées": [0.1, 43.1],"Tarn": [2.15, 43.95],"Tarn-et-Garonne": [1.25, 44.05],"Allier": [3.15, 46.333],
  "Cantal": [2.55, 45.083],"Haute-Loire": [3.833, 45.083],"Puy-de-Dôme": [3.166, 45.75],"Ain": [5.35, 46.0],"Ardèche": [4.433, 44.666],"Drôme": [5.05, 44.5],
  "Isère": [5.5, 45.333],"Loire": [4.366, 45.666],"Rhône": [4.7, 45.75],"Savoie": [6.416, 45.5],"Haute-Savoie": [6.25, 46.05],"Alpes-de-Haute-Provence": [6.216, 44.0],
  "Hautes-Alpes": [6.333, 44.666],"Alpes-Maritimes": [7.1, 43.7],"Bouches-du-Rhône": [5.416, 43.5],"Var": [6.216, 43.4],"Vaucluse": [5.166, 44.0]
 }
